{"cameraMode":{"drawMode":0,"name":"Shaded","section":"Shading Mode"},"sceneLighting":true,"audioPlay":false,"sceneViewState":{"m_AlwaysRefresh":false,"showFog":true,"showSkybox":true,"showFlares":true,"showImageEffects":true,"showParticleSystems":true,"showVisualEffectGraphs":true,"m_FxEnabled":true},"in2DMode":false,"pivot":{"x":-22.539783477783204,"y":10.980072021484375,"z":96.95063781738281},"rotation":{"x":-0.021290121600031854,"y":0.041076380759477618,"z":-0.0008755744202062488,"w":-0.9989320039749146},"size":54.16320037841797,"orthographic":false}